{"average_f1":{"0":0.3758443728,"1":0.3535842294,"2":0.3773118433,"3":0.3437578309,"4":0.4290564548,"5":0.3077613279,"6":0.3405405405,"7":0.3903743316,"8":0.3120567376,"9":0.3855677772},"average_precision":{"0":0.9489112228,"1":0.954887218,"2":0.9514237856,"3":0.9507101086,"4":0.9588581024,"5":0.9525,"6":0.9515455305,"7":0.959798995,"8":0.96,"9":0.9514237856},"average_recall":{"0":0.3725490196,"1":0.3571428571,"2":0.3725490196,"3":0.3529411765,"4":0.4047619048,"5":0.3333333333,"6":0.350877193,"7":0.3777777778,"8":0.3333333333,"9":0.3777777778},"compliant_f1":{"0":0.0,"1":0.0,"2":0.0,"3":0.0,"4":0.0,"5":0.0,"6":0.0,"7":0.0,"8":0.0,"9":0.0},"compliant_precision":{"0":1.0,"1":1.0,"2":1.0,"3":1.0,"4":1.0,"5":1.0,"6":1.0,"7":1.0,"8":1.0,"9":1.0},"compliant_recall":{"0":0.0,"1":0.0,"2":0.0,"3":0.0,"4":0.0,"5":0.0,"6":0.0,"7":0.0,"8":0.0,"9":0.0},"majority_count":{"0":0.8425,"1":0.8625,"2":0.85,"3":0.85,"4":0.87,"5":0.8575,"6":0.8525,"7":0.875,"8":0.88,"9":0.85},"noncompliant_f1":{"0":0.2105263158,"1":0.1333333333,"2":0.2105263158,"3":0.1111111111,"4":0.3529411765,"5":0.0,"6":0.1,"7":0.2352941176,"8":0.0,"9":0.2352941176},"noncompliant_precision":{"0":1.0,"1":1.0,"2":1.0,"3":1.0,"4":1.0,"5":1.0,"6":1.0,"7":1.0,"8":1.0,"9":1.0},"noncompliant_recall":{"0":0.1176470588,"1":0.0714285714,"2":0.1176470588,"3":0.0588235294,"4":0.2142857143,"5":0.0,"6":0.0526315789,"7":0.1333333333,"8":0.0,"9":0.1333333333},"overall_precision":{"0":0.8475,"1":0.865,"2":0.855,"3":0.8525,"4":0.8775,"5":0.8575,"6":0.855,"7":0.88,"8":0.88,"9":0.855},"safe_f1":{"0":0.9170068027,"1":0.9274193548,"2":0.9214092141,"3":0.9201623816,"4":0.9342281879,"5":0.9232839838,"6":0.9216216216,"7":0.935828877,"8":0.9361702128,"9":0.9214092141},"safe_precision":{"0":0.8467336683,"1":0.8646616541,"2":0.8542713568,"3":0.8521303258,"4":0.8765743073,"5":0.8575,"6":0.8546365915,"7":0.8793969849,"8":0.88,"9":0.8542713568},"safe_recall":{"0":1.0,"1":1.0,"2":1.0,"3":1.0,"4":1.0,"5":1.0,"6":1.0,"7":1.0,"8":1.0,"9":1.0}}