{"average_f1":{"0":0.4528301887,"1":0.3918583672,"2":0.3773118433,"3":0.3087248322,"4":0.3855934516,"5":0.3077613279,"6":0.3488353731,"7":0.309204647,"8":0.3120567376,"9":0.3777983524},"average_precision":{"0":0.9563392107,"1":0.9538203191,"2":0.9514237856,"3":0.9541666667,"4":0.9487825357,"5":0.9525,"6":0.9557226399,"7":0.955,"8":0.96,"9":0.9522613065},"average_recall":{"0":0.4242424242,"1":0.380952381,"2":0.3725490196,"3":0.3333333333,"4":0.3787878788,"5":0.3333333333,"6":0.3541666667,"7":0.3333333333,"8":0.3333333333,"9":0.3725490196},"compliant_f1":{"0":0.0,"1":0.0,"2":0.0,"3":0.0,"4":0.0,"5":0.0,"6":0.0,"7":0.0,"8":0.0,"9":0.0},"compliant_precision":{"0":1.0,"1":1.0,"2":1.0,"3":1.0,"4":1.0,"5":1.0,"6":1.0,"7":1.0,"8":1.0,"9":1.0},"compliant_recall":{"0":0.0,"1":0.0,"2":0.0,"3":0.0,"4":0.0,"5":0.0,"6":0.0,"7":0.0,"8":0.0,"9":0.0},"majority_count":{"0":0.8625,"1":0.855,"2":0.85,"3":0.8625,"4":0.84,"5":0.8575,"6":0.865,"7":0.865,"8":0.88,"9":0.8525},"noncompliant_f1":{"0":0.4285714286,"1":0.25,"2":0.2105263158,"3":0.0,"4":0.24,"5":0.0,"6":0.1176470588,"7":0.0,"8":0.0,"9":0.2105263158},"noncompliant_precision":{"0":1.0,"1":1.0,"2":1.0,"3":1.0,"4":1.0,"5":1.0,"6":1.0,"7":1.0,"8":1.0,"9":1.0},"noncompliant_recall":{"0":0.2727272727,"1":0.1428571429,"2":0.1176470588,"3":0.0,"4":0.1363636364,"5":0.0,"6":0.0625,"7":0.0,"8":0.0,"9":0.1176470588},"overall_precision":{"0":0.87,"1":0.8625,"2":0.855,"3":0.8625,"4":0.8475,"5":0.8575,"6":0.8675,"7":0.865,"8":0.88,"9":0.8575},"safe_f1":{"0":0.9299191375,"1":0.9255751015,"2":0.9214092141,"3":0.9261744966,"4":0.9167803547,"5":0.9232839838,"6":0.9288590604,"7":0.927613941,"8":0.9361702128,"9":0.9228687415},"safe_precision":{"0":0.8690176322,"1":0.8614609572,"2":0.8542713568,"3":0.8625,"4":0.8463476071,"5":0.8575,"6":0.8671679198,"7":0.865,"8":0.88,"9":0.8567839196},"safe_recall":{"0":1.0,"1":1.0,"2":1.0,"3":1.0,"4":1.0,"5":1.0,"6":1.0,"7":1.0,"8":1.0,"9":1.0}}