{"average_f1":{"0":0.4047939499,"1":0.3938478747,"2":0.3762718763,"3":0.36056231,"4":0.3058186739,"5":0.3096831772,"6":0.3802334944,"7":0.3800266312,"8":0.301869585,"9":0.4046868687},"average_precision":{"0":0.9556113903,"1":0.9572864322,"2":0.9430485762,"3":0.9615705931,"4":0.9491666667,"5":0.9558333333,"6":0.9497487437,"7":0.9623115578,"8":0.9425,"9":0.9630562552},"average_recall":{"0":0.3888888889,"1":0.380952381,"2":0.375,"3":0.358974359,"4":0.3333333333,"5":0.3333333333,"6":0.375,"7":0.3703703704,"8":0.3333333333,"9":0.3859649123},"compliant_f1":{"0":0.0,"1":0.0,"2":0.0,"3":0.0,"4":0.0,"5":0.0,"6":0.0,"7":0.0,"8":0.0,"9":0.0},"compliant_precision":{"0":1.0,"1":1.0,"2":1.0,"3":1.0,"4":1.0,"5":1.0,"6":1.0,"7":1.0,"8":1.0,"9":1.0},"compliant_recall":{"0":0.0,"1":0.0,"2":0.0,"3":0.0,"4":0.0,"5":0.0,"6":0.0,"7":0.0,"8":0.0,"9":0.0},"majority_count":{"0":0.8625,"1":0.8675,"2":0.825,"3":0.8825,"4":0.8475,"5":0.8675,"6":0.845,"7":0.8825,"8":0.8275,"9":0.8825},"noncompliant_f1":{"0":0.2857142857,"1":0.25,"2":0.2222222222,"3":0.1428571429,"4":0.0,"5":0.0,"6":0.2222222222,"7":0.2,"8":0.0,"9":0.2727272727},"noncompliant_precision":{"0":1.0,"1":1.0,"2":1.0,"3":1.0,"4":1.0,"5":1.0,"6":1.0,"7":1.0,"8":1.0,"9":1.0},"noncompliant_recall":{"0":0.1666666667,"1":0.1428571429,"2":0.125,"3":0.0769230769,"4":0.0,"5":0.0,"6":0.125,"7":0.1111111111,"8":0.0,"9":0.1578947368},"overall_precision":{"0":0.8675,"1":0.8725,"2":0.83,"3":0.885,"4":0.8475,"5":0.8675,"6":0.85,"7":0.8875,"8":0.8275,"9":0.89},"safe_f1":{"0":0.9286675639,"1":0.9315436242,"2":0.9065934066,"3":0.9388297872,"4":0.9174560217,"5":0.9290495315,"6":0.9184782609,"7":0.9400798935,"8":0.9056087551,"9":0.9413333333},"safe_precision":{"0":0.8668341709,"1":0.8718592965,"2":0.8291457286,"3":0.8847117794,"4":0.8475,"5":0.8675,"6":0.8492462312,"7":0.8869346734,"8":0.8275,"9":0.8891687657},"safe_recall":{"0":1.0,"1":1.0,"2":1.0,"3":1.0,"4":1.0,"5":1.0,"6":1.0,"7":1.0,"8":1.0,"9":1.0}}